"","full_path","filename","weights","sci_name","taxon_group","prov_status","fed_status","IUCN_status"
"1","inst/app/rasters/2024_12_11_SDM_100m_Bowen_Island/Amphibian_mask/Ambystoma.gracile_BowenIsland_100m.tif","Ambystoma.gracile_BowenIsland_100m.tif",1,"Ambystoma gracile","Amphibian","","",""
"2","inst/app/rasters/2024_12_11_SDM_100m_Bowen_Island/Amphibian_mask/Ambystoma.macrodactylum_BowenIsland_100m.tif","Ambystoma.macrodactylum_BowenIsland_100m.tif",1,"Ambystoma macrodactylum","Amphibian","","",""
"3","inst/app/rasters/2024_12_11_SDM_100m_Bowen_Island/Amphibian_mask/Pseudacris.regilla_BowenIsland_100m.tif","Pseudacris.regilla_BowenIsland_100m.tif",1,"Pseudacris regilla","Amphibian","","",""
"4","inst/app/rasters/2024_12_11_SDM_100m_Bowen_Island/Amphibian_mask/Rana.aurora_BowenIsland_100m.tif","Rana.aurora_BowenIsland_100m.tif",1,"Rana aurora","Amphibian","","",""
"5","inst/app/rasters/2024_12_11_SDM_100m_Bowen_Island/Amphibian_mask/Taricha.granulosa_BowenIsland_100m.tif","Taricha.granulosa_BowenIsland_100m.tif",1,"Taricha granulosa","Amphibian","","",""
"6","inst/app/rasters/2024_12_11_SDM_100m_Bowen_Island/Bird_mask/Accipiter.cooperii_BowenIsland_100m.tif","Accipiter.cooperii_BowenIsland_100m.tif",1,"Accipiter cooperii","Bird","","",""
"7","inst/app/rasters/2024_12_11_SDM_100m_Bowen_Island/Bird_mask/Accipiter.striatus_BowenIsland_100m.tif","Accipiter.striatus_BowenIsland_100m.tif",1,"Accipiter striatus","Bird","","",""
"8","inst/app/rasters/2024_12_11_SDM_100m_Bowen_Island/Bird_mask/Actitis.macularius_BowenIsland_100m.tif","Actitis.macularius_BowenIsland_100m.tif",1,"Actitis macularius","Bird","","",""
"9","inst/app/rasters/2024_12_11_SDM_100m_Bowen_Island/Bird_mask/Aechmophorus.occidentalis_BowenIsland_100m.tif","Aechmophorus.occidentalis_BowenIsland_100m.tif",1,"Aechmophorus occidentalis","Bird","","",""
"10","inst/app/rasters/2024_12_11_SDM_100m_Bowen_Island/Bird_mask/Agelaius.phoeniceus_BowenIsland_100m.tif","Agelaius.phoeniceus_BowenIsland_100m.tif",1,"Agelaius phoeniceus","Bird","","",""
"11","inst/app/rasters/2024_12_11_SDM_100m_Bowen_Island/Bird_mask/Aix.sponsa_BowenIsland_100m.tif","Aix.sponsa_BowenIsland_100m.tif",1,"Aix sponsa","Bird","","",""
"12","inst/app/rasters/2024_12_11_SDM_100m_Bowen_Island/Bird_mask/Anas.acuta_BowenIsland_100m.tif","Anas.acuta_BowenIsland_100m.tif",1,"Anas acuta","Bird","","",""
"13","inst/app/rasters/2024_12_11_SDM_100m_Bowen_Island/Bird_mask/Anas.americana_BowenIsland_100m.tif","Anas.americana_BowenIsland_100m.tif",1,"Anas americana","Bird","","",""
"14","inst/app/rasters/2024_12_11_SDM_100m_Bowen_Island/Bird_mask/Anas.clypeata_BowenIsland_100m.tif","Anas.clypeata_BowenIsland_100m.tif",1,"Anas clypeata","Bird","","",""
"15","inst/app/rasters/2024_12_11_SDM_100m_Bowen_Island/Bird_mask/Anas.crecca_BowenIsland_100m.tif","Anas.crecca_BowenIsland_100m.tif",1,"Anas crecca","Bird","","",""
"16","inst/app/rasters/2024_12_11_SDM_100m_Bowen_Island/Bird_mask/Anas.cyanoptera_BowenIsland_100m.tif","Anas.cyanoptera_BowenIsland_100m.tif",1,"Anas cyanoptera","Bird","","",""
"17","inst/app/rasters/2024_12_11_SDM_100m_Bowen_Island/Bird_mask/Anas.discors_BowenIsland_100m.tif","Anas.discors_BowenIsland_100m.tif",1,"Anas discors","Bird","","",""
"18","inst/app/rasters/2024_12_11_SDM_100m_Bowen_Island/Bird_mask/Anas.penelope_BowenIsland_100m.tif","Anas.penelope_BowenIsland_100m.tif",1,"Anas penelope","Bird","","",""
"19","inst/app/rasters/2024_12_11_SDM_100m_Bowen_Island/Bird_mask/Anas.platyrhynchos_BowenIsland_100m.tif","Anas.platyrhynchos_BowenIsland_100m.tif",1,"Anas platyrhynchos","Bird","","",""
"20","inst/app/rasters/2024_12_11_SDM_100m_Bowen_Island/Bird_mask/Anas.strepera_BowenIsland_100m.tif","Anas.strepera_BowenIsland_100m.tif",1,"Anas strepera","Bird","","",""
"21","inst/app/rasters/2024_12_11_SDM_100m_Bowen_Island/Bird_mask/Anser.albifrons_BowenIsland_100m.tif","Anser.albifrons_BowenIsland_100m.tif",1,"Anser albifrons","Bird","","",""
"22","inst/app/rasters/2024_12_11_SDM_100m_Bowen_Island/Bird_mask/Anthus.rubescens_BowenIsland_100m.tif","Anthus.rubescens_BowenIsland_100m.tif",1,"Anthus rubescens","Bird","","",""
"23","inst/app/rasters/2024_12_11_SDM_100m_Bowen_Island/Bird_mask/Ardea.herodias_BowenIsland_100m.tif","Ardea.herodias_BowenIsland_100m.tif",1,"Ardea herodias","Bird","","",""
"24","inst/app/rasters/2024_12_11_SDM_100m_Bowen_Island/Bird_mask/Arenaria.melanocephala_BowenIsland_100m.tif","Arenaria.melanocephala_BowenIsland_100m.tif",1,"Arenaria melanocephala","Bird","","",""
"25","inst/app/rasters/2024_12_11_SDM_100m_Bowen_Island/Bird_mask/Aythya.affinis_BowenIsland_100m.tif","Aythya.affinis_BowenIsland_100m.tif",1,"Aythya affinis","Bird","","",""
"26","inst/app/rasters/2024_12_11_SDM_100m_Bowen_Island/Bird_mask/Aythya.americana_BowenIsland_100m.tif","Aythya.americana_BowenIsland_100m.tif",1,"Aythya americana","Bird","","",""
"27","inst/app/rasters/2024_12_11_SDM_100m_Bowen_Island/Bird_mask/Aythya.collaris_BowenIsland_100m.tif","Aythya.collaris_BowenIsland_100m.tif",1,"Aythya collaris","Bird","","",""
"28","inst/app/rasters/2024_12_11_SDM_100m_Bowen_Island/Bird_mask/Aythya.marila_BowenIsland_100m.tif","Aythya.marila_BowenIsland_100m.tif",1,"Aythya marila","Bird","","",""
"29","inst/app/rasters/2024_12_11_SDM_100m_Bowen_Island/Bird_mask/Bombycilla.cedrorum_BowenIsland_100m.tif","Bombycilla.cedrorum_BowenIsland_100m.tif",1,"Bombycilla cedrorum","Bird","","",""
"30","inst/app/rasters/2024_12_11_SDM_100m_Bowen_Island/Bird_mask/Brachyramphus.marmoratus_BowenIsland_100m.tif","Brachyramphus.marmoratus_BowenIsland_100m.tif",1,"Brachyramphus marmoratus","Bird","","",""
"31","inst/app/rasters/2024_12_11_SDM_100m_Bowen_Island/Bird_mask/Branta.bernicla_BowenIsland_100m.tif","Branta.bernicla_BowenIsland_100m.tif",1,"Branta bernicla","Bird","","",""
"32","inst/app/rasters/2024_12_11_SDM_100m_Bowen_Island/Bird_mask/Branta.canadensis_BowenIsland_100m.tif","Branta.canadensis_BowenIsland_100m.tif",1,"Branta canadensis","Bird","","",""
"33","inst/app/rasters/2024_12_11_SDM_100m_Bowen_Island/Bird_mask/Branta.hutchinsii_BowenIsland_100m.tif","Branta.hutchinsii_BowenIsland_100m.tif",1,"Branta hutchinsii","Bird","","",""
"34","inst/app/rasters/2024_12_11_SDM_100m_Bowen_Island/Bird_mask/Bubo.virginianus_BowenIsland_100m.tif","Bubo.virginianus_BowenIsland_100m.tif",1,"Bubo virginianus","Bird","","",""
"35","inst/app/rasters/2024_12_11_SDM_100m_Bowen_Island/Bird_mask/Bucephala.albeola_BowenIsland_100m.tif","Bucephala.albeola_BowenIsland_100m.tif",1,"Bucephala albeola","Bird","","",""
"36","inst/app/rasters/2024_12_11_SDM_100m_Bowen_Island/Bird_mask/Bucephala.clangula_BowenIsland_100m.tif","Bucephala.clangula_BowenIsland_100m.tif",1,"Bucephala clangula","Bird","","",""
"37","inst/app/rasters/2024_12_11_SDM_100m_Bowen_Island/Bird_mask/Bucephala.islandica_BowenIsland_100m.tif","Bucephala.islandica_BowenIsland_100m.tif",1,"Bucephala islandica","Bird","","",""
"38","inst/app/rasters/2024_12_11_SDM_100m_Bowen_Island/Bird_mask/Buteo.jamaicensis_BowenIsland_100m.tif","Buteo.jamaicensis_BowenIsland_100m.tif",1,"Buteo jamaicensis","Bird","","",""
"39","inst/app/rasters/2024_12_11_SDM_100m_Bowen_Island/Bird_mask/Calidris.alpina_BowenIsland_100m.tif","Calidris.alpina_BowenIsland_100m.tif",1,"Calidris alpina","Bird","","",""
"40","inst/app/rasters/2024_12_11_SDM_100m_Bowen_Island/Bird_mask/Calidris.mauri_BowenIsland_100m.tif","Calidris.mauri_BowenIsland_100m.tif",1,"Calidris mauri","Bird","","",""
"41","inst/app/rasters/2024_12_11_SDM_100m_Bowen_Island/Bird_mask/Calidris.melanotos_BowenIsland_100m.tif","Calidris.melanotos_BowenIsland_100m.tif",1,"Calidris melanotos","Bird","","",""
"42","inst/app/rasters/2024_12_11_SDM_100m_Bowen_Island/Bird_mask/Calidris.minutilla_BowenIsland_100m.tif","Calidris.minutilla_BowenIsland_100m.tif",1,"Calidris minutilla","Bird","","",""
"43","inst/app/rasters/2024_12_11_SDM_100m_Bowen_Island/Bird_mask/Calypte.anna_BowenIsland_100m.tif","Calypte.anna_BowenIsland_100m.tif",1,"Calypte anna","Bird","","",""
"44","inst/app/rasters/2024_12_11_SDM_100m_Bowen_Island/Bird_mask/Cardellina.pusilla_BowenIsland_100m.tif","Cardellina.pusilla_BowenIsland_100m.tif",1,"Cardellina pusilla","Bird","","",""
"45","inst/app/rasters/2024_12_11_SDM_100m_Bowen_Island/Bird_mask/Carduelis.flammea_BowenIsland_100m.tif","Carduelis.flammea_BowenIsland_100m.tif",1,"Carduelis flammea","Bird","","",""
"46","inst/app/rasters/2024_12_11_SDM_100m_Bowen_Island/Bird_mask/Carduelis.pinus_BowenIsland_100m.tif","Carduelis.pinus_BowenIsland_100m.tif",1,"Carduelis pinus","Bird","","",""
"47","inst/app/rasters/2024_12_11_SDM_100m_Bowen_Island/Bird_mask/Carduelis.tristis_BowenIsland_100m.tif","Carduelis.tristis_BowenIsland_100m.tif",1,"Carduelis tristis","Bird","","",""
"48","inst/app/rasters/2024_12_11_SDM_100m_Bowen_Island/Bird_mask/Carpodacus.mexicanus_BowenIsland_100m.tif","Carpodacus.mexicanus_BowenIsland_100m.tif",1,"Carpodacus mexicanus","Bird","","",""
"49","inst/app/rasters/2024_12_11_SDM_100m_Bowen_Island/Bird_mask/Carpodacus.purpureus_BowenIsland_100m.tif","Carpodacus.purpureus_BowenIsland_100m.tif",1,"Carpodacus purpureus","Bird","","",""
"50","inst/app/rasters/2024_12_11_SDM_100m_Bowen_Island/Bird_mask/Cathartes.aura_BowenIsland_100m.tif","Cathartes.aura_BowenIsland_100m.tif",1,"Cathartes aura","Bird","","",""
"51","inst/app/rasters/2024_12_11_SDM_100m_Bowen_Island/Bird_mask/Catharus.guttatus_BowenIsland_100m.tif","Catharus.guttatus_BowenIsland_100m.tif",1,"Catharus guttatus","Bird","","",""
"52","inst/app/rasters/2024_12_11_SDM_100m_Bowen_Island/Bird_mask/Catharus.ustulatus_BowenIsland_100m.tif","Catharus.ustulatus_BowenIsland_100m.tif",1,"Catharus ustulatus","Bird","","",""
"53","inst/app/rasters/2024_12_11_SDM_100m_Bowen_Island/Bird_mask/Cepphus.columba_BowenIsland_100m.tif","Cepphus.columba_BowenIsland_100m.tif",1,"Cepphus columba","Bird","","",""
"54","inst/app/rasters/2024_12_11_SDM_100m_Bowen_Island/Bird_mask/Cerorhinca.monocerata_BowenIsland_100m.tif","Cerorhinca.monocerata_BowenIsland_100m.tif",1,"Cerorhinca monocerata","Bird","","",""
"55","inst/app/rasters/2024_12_11_SDM_100m_Bowen_Island/Bird_mask/Certhia.americana_BowenIsland_100m.tif","Certhia.americana_BowenIsland_100m.tif",1,"Certhia americana","Bird","","",""
"56","inst/app/rasters/2024_12_11_SDM_100m_Bowen_Island/Bird_mask/Chaetura.vauxi_BowenIsland_100m.tif","Chaetura.vauxi_BowenIsland_100m.tif",1,"Chaetura vauxi","Bird","","",""
"57","inst/app/rasters/2024_12_11_SDM_100m_Bowen_Island/Bird_mask/Charadrius.vociferus_BowenIsland_100m.tif","Charadrius.vociferus_BowenIsland_100m.tif",1,"Charadrius vociferus","Bird","","",""
"58","inst/app/rasters/2024_12_11_SDM_100m_Bowen_Island/Bird_mask/Chen.caerulescens_BowenIsland_100m.tif","Chen.caerulescens_BowenIsland_100m.tif",1,"Chen caerulescens","Bird","","",""
"59","inst/app/rasters/2024_12_11_SDM_100m_Bowen_Island/Bird_mask/Chordeiles.minor_BowenIsland_100m.tif","Chordeiles.minor_BowenIsland_100m.tif",1,"Chordeiles minor","Bird","","",""
"60","inst/app/rasters/2024_12_11_SDM_100m_Bowen_Island/Bird_mask/Chroicocephalus.philadelphia_BowenIsland_100m.tif","Chroicocephalus.philadelphia_BowenIsland_100m.tif",1,"Chroicocephalus philadelphia","Bird","","",""
"61","inst/app/rasters/2024_12_11_SDM_100m_Bowen_Island/Bird_mask/Circus.cyaneus_BowenIsland_100m.tif","Circus.cyaneus_BowenIsland_100m.tif",1,"Circus cyaneus","Bird","","",""
"62","inst/app/rasters/2024_12_11_SDM_100m_Bowen_Island/Bird_mask/Cistothorus.palustris_BowenIsland_100m.tif","Cistothorus.palustris_BowenIsland_100m.tif",1,"Cistothorus palustris","Bird","","",""
"63","inst/app/rasters/2024_12_11_SDM_100m_Bowen_Island/Bird_mask/Clangula.hyemalis_BowenIsland_100m.tif","Clangula.hyemalis_BowenIsland_100m.tif",1,"Clangula hyemalis","Bird","","",""
"64","inst/app/rasters/2024_12_11_SDM_100m_Bowen_Island/Bird_mask/Coccothraustes.vespertinus_BowenIsland_100m.tif","Coccothraustes.vespertinus_BowenIsland_100m.tif",1,"Coccothraustes vespertinus","Bird","","",""
"65","inst/app/rasters/2024_12_11_SDM_100m_Bowen_Island/Bird_mask/Colaptes.auratus_BowenIsland_100m.tif","Colaptes.auratus_BowenIsland_100m.tif",1,"Colaptes auratus","Bird","","",""
"66","inst/app/rasters/2024_12_11_SDM_100m_Bowen_Island/Bird_mask/Contopus.cooperi_BowenIsland_100m.tif","Contopus.cooperi_BowenIsland_100m.tif",1,"Contopus cooperi","Bird","","",""
"67","inst/app/rasters/2024_12_11_SDM_100m_Bowen_Island/Bird_mask/Contopus.sordidulus_BowenIsland_100m.tif","Contopus.sordidulus_BowenIsland_100m.tif",1,"Contopus sordidulus","Bird","","",""
"68","inst/app/rasters/2024_12_11_SDM_100m_Bowen_Island/Bird_mask/Corvus.brachyrhynchos_BowenIsland_100m.tif","Corvus.brachyrhynchos_BowenIsland_100m.tif",1,"Corvus brachyrhynchos","Bird","","",""
"69","inst/app/rasters/2024_12_11_SDM_100m_Bowen_Island/Bird_mask/Corvus.caurinus_BowenIsland_100m.tif","Corvus.caurinus_BowenIsland_100m.tif",1,"Corvus caurinus","Bird","","",""
"70","inst/app/rasters/2024_12_11_SDM_100m_Bowen_Island/Bird_mask/Corvus.corax_BowenIsland_100m.tif","Corvus.corax_BowenIsland_100m.tif",1,"Corvus corax","Bird","","",""
"71","inst/app/rasters/2024_12_11_SDM_100m_Bowen_Island/Bird_mask/Cyanocitta.stelleri_BowenIsland_100m.tif","Cyanocitta.stelleri_BowenIsland_100m.tif",1,"Cyanocitta stelleri","Bird","","",""
"72","inst/app/rasters/2024_12_11_SDM_100m_Bowen_Island/Bird_mask/Cygnus.buccinator_BowenIsland_100m.tif","Cygnus.buccinator_BowenIsland_100m.tif",1,"Cygnus buccinator","Bird","","",""
"73","inst/app/rasters/2024_12_11_SDM_100m_Bowen_Island/Bird_mask/Cygnus.columbianus_BowenIsland_100m.tif","Cygnus.columbianus_BowenIsland_100m.tif",1,"Cygnus columbianus","Bird","","",""
"74","inst/app/rasters/2024_12_11_SDM_100m_Bowen_Island/Bird_mask/Cypseloides.niger_BowenIsland_100m.tif","Cypseloides.niger_BowenIsland_100m.tif",1,"Cypseloides niger","Bird","","",""
"75","inst/app/rasters/2024_12_11_SDM_100m_Bowen_Island/Bird_mask/Dendragapus.fuliginosus_BowenIsland_100m.tif","Dendragapus.fuliginosus_BowenIsland_100m.tif",1,"Dendragapus fuliginosus","Bird","","",""
"76","inst/app/rasters/2024_12_11_SDM_100m_Bowen_Island/Bird_mask/Dendroica.petechia_BowenIsland_100m.tif","Dendroica.petechia_BowenIsland_100m.tif",1,"Dendroica petechia","Bird","","",""
"77","inst/app/rasters/2024_12_11_SDM_100m_Bowen_Island/Bird_mask/Dendroica.townsendi_BowenIsland_100m.tif","Dendroica.townsendi_BowenIsland_100m.tif",1,"Dendroica townsendi","Bird","","",""
"78","inst/app/rasters/2024_12_11_SDM_100m_Bowen_Island/Bird_mask/Dryocopus.pileatus_BowenIsland_100m.tif","Dryocopus.pileatus_BowenIsland_100m.tif",1,"Dryocopus pileatus","Bird","","",""
"79","inst/app/rasters/2024_12_11_SDM_100m_Bowen_Island/Bird_mask/Dumetella.carolinensis_BowenIsland_100m.tif","Dumetella.carolinensis_BowenIsland_100m.tif",1,"Dumetella carolinensis","Bird","","",""
"80","inst/app/rasters/2024_12_11_SDM_100m_Bowen_Island/Bird_mask/Empidonax.difficilis_BowenIsland_100m.tif","Empidonax.difficilis_BowenIsland_100m.tif",1,"Empidonax difficilis","Bird","","",""
"81","inst/app/rasters/2024_12_11_SDM_100m_Bowen_Island/Bird_mask/Empidonax.hammondii_BowenIsland_100m.tif","Empidonax.hammondii_BowenIsland_100m.tif",1,"Empidonax hammondii","Bird","","",""
"82","inst/app/rasters/2024_12_11_SDM_100m_Bowen_Island/Bird_mask/Empidonax.traillii_BowenIsland_100m.tif","Empidonax.traillii_BowenIsland_100m.tif",1,"Empidonax traillii","Bird","","",""
"83","inst/app/rasters/2024_12_11_SDM_100m_Bowen_Island/Bird_mask/Euphagus.cyanocephalus_BowenIsland_100m.tif","Euphagus.cyanocephalus_BowenIsland_100m.tif",1,"Euphagus cyanocephalus","Bird","","",""
"84","inst/app/rasters/2024_12_11_SDM_100m_Bowen_Island/Bird_mask/Falco.columbarius_BowenIsland_100m.tif","Falco.columbarius_BowenIsland_100m.tif",1,"Falco columbarius","Bird","","",""
"85","inst/app/rasters/2024_12_11_SDM_100m_Bowen_Island/Bird_mask/Falco.peregrinus_BowenIsland_100m.tif","Falco.peregrinus_BowenIsland_100m.tif",1,"Falco peregrinus","Bird","","",""
"86","inst/app/rasters/2024_12_11_SDM_100m_Bowen_Island/Bird_mask/Falco.sparverius_BowenIsland_100m.tif","Falco.sparverius_BowenIsland_100m.tif",1,"Falco sparverius","Bird","","",""
"87","inst/app/rasters/2024_12_11_SDM_100m_Bowen_Island/Bird_mask/Fulica.americana_BowenIsland_100m.tif","Fulica.americana_BowenIsland_100m.tif",1,"Fulica americana","Bird","","",""
"88","inst/app/rasters/2024_12_11_SDM_100m_Bowen_Island/Bird_mask/Gallinago.delicata_BowenIsland_100m.tif","Gallinago.delicata_BowenIsland_100m.tif",1,"Gallinago delicata","Bird","","",""
"89","inst/app/rasters/2024_12_11_SDM_100m_Bowen_Island/Bird_mask/Gavia.immer_BowenIsland_100m.tif","Gavia.immer_BowenIsland_100m.tif",1,"Gavia immer","Bird","","",""
"90","inst/app/rasters/2024_12_11_SDM_100m_Bowen_Island/Bird_mask/Gavia.pacifica_BowenIsland_100m.tif","Gavia.pacifica_BowenIsland_100m.tif",1,"Gavia pacifica","Bird","","",""
"91","inst/app/rasters/2024_12_11_SDM_100m_Bowen_Island/Bird_mask/Gavia.stellata_BowenIsland_100m.tif","Gavia.stellata_BowenIsland_100m.tif",1,"Gavia stellata","Bird","","",""
"92","inst/app/rasters/2024_12_11_SDM_100m_Bowen_Island/Bird_mask/Geothlypis.tolmiei_BowenIsland_100m.tif","Geothlypis.tolmiei_BowenIsland_100m.tif",1,"Geothlypis tolmiei","Bird","","",""
"93","inst/app/rasters/2024_12_11_SDM_100m_Bowen_Island/Bird_mask/Geothlypis.trichas_BowenIsland_100m.tif","Geothlypis.trichas_BowenIsland_100m.tif",1,"Geothlypis trichas","Bird","","",""
"94","inst/app/rasters/2024_12_11_SDM_100m_Bowen_Island/Bird_mask/Glaucidium.gnoma_BowenIsland_100m.tif","Glaucidium.gnoma_BowenIsland_100m.tif",1,"Glaucidium gnoma","Bird","","",""
"95","inst/app/rasters/2024_12_11_SDM_100m_Bowen_Island/Bird_mask/Grus.canadensis_BowenIsland_100m.tif","Grus.canadensis_BowenIsland_100m.tif",1,"Grus canadensis","Bird","","",""
"96","inst/app/rasters/2024_12_11_SDM_100m_Bowen_Island/Bird_mask/Haematopus.bachmani_BowenIsland_100m.tif","Haematopus.bachmani_BowenIsland_100m.tif",1,"Haematopus bachmani","Bird","","",""
"97","inst/app/rasters/2024_12_11_SDM_100m_Bowen_Island/Bird_mask/Haliaeetus.leucocephalus_BowenIsland_100m.tif","Haliaeetus.leucocephalus_BowenIsland_100m.tif",1,"Haliaeetus leucocephalus","Bird","","",""
"98","inst/app/rasters/2024_12_11_SDM_100m_Bowen_Island/Bird_mask/Hirundo.rustica_BowenIsland_100m.tif","Hirundo.rustica_BowenIsland_100m.tif",1,"Hirundo rustica","Bird","","",""
"99","inst/app/rasters/2024_12_11_SDM_100m_Bowen_Island/Bird_mask/Histrionicus.histrionicus_BowenIsland_100m.tif","Histrionicus.histrionicus_BowenIsland_100m.tif",1,"Histrionicus histrionicus","Bird","","",""
"100","inst/app/rasters/2024_12_11_SDM_100m_Bowen_Island/Bird_mask/Hydroprogne.caspia_BowenIsland_100m.tif","Hydroprogne.caspia_BowenIsland_100m.tif",1,"Hydroprogne caspia","Bird","","",""
"101","inst/app/rasters/2024_12_11_SDM_100m_Bowen_Island/Bird_mask/Icterus.bullockii_BowenIsland_100m.tif","Icterus.bullockii_BowenIsland_100m.tif",1,"Icterus bullockii","Bird","","",""
"102","inst/app/rasters/2024_12_11_SDM_100m_Bowen_Island/Bird_mask/Ixoreus.naevius_BowenIsland_100m.tif","Ixoreus.naevius_BowenIsland_100m.tif",1,"Ixoreus naevius","Bird","","",""
"103","inst/app/rasters/2024_12_11_SDM_100m_Bowen_Island/Bird_mask/Junco.hyemalis_BowenIsland_100m.tif","Junco.hyemalis_BowenIsland_100m.tif",1,"Junco hyemalis","Bird","","",""
"104","inst/app/rasters/2024_12_11_SDM_100m_Bowen_Island/Bird_mask/Larus.argentatus_BowenIsland_100m.tif","Larus.argentatus_BowenIsland_100m.tif",1,"Larus argentatus","Bird","","",""
"105","inst/app/rasters/2024_12_11_SDM_100m_Bowen_Island/Bird_mask/Larus.californicus_BowenIsland_100m.tif","Larus.californicus_BowenIsland_100m.tif",1,"Larus californicus","Bird","","",""
"106","inst/app/rasters/2024_12_11_SDM_100m_Bowen_Island/Bird_mask/Larus.canus_BowenIsland_100m.tif","Larus.canus_BowenIsland_100m.tif",1,"Larus canus","Bird","","",""
"107","inst/app/rasters/2024_12_11_SDM_100m_Bowen_Island/Bird_mask/Larus.delawarensis_BowenIsland_100m.tif","Larus.delawarensis_BowenIsland_100m.tif",1,"Larus delawarensis","Bird","","",""
"108","inst/app/rasters/2024_12_11_SDM_100m_Bowen_Island/Bird_mask/Larus.glaucescens_BowenIsland_100m.tif","Larus.glaucescens_BowenIsland_100m.tif",1,"Larus glaucescens","Bird","","",""
"109","inst/app/rasters/2024_12_11_SDM_100m_Bowen_Island/Bird_mask/Larus.occidentalis_BowenIsland_100m.tif","Larus.occidentalis_BowenIsland_100m.tif",1,"Larus occidentalis","Bird","","",""
"110","inst/app/rasters/2024_12_11_SDM_100m_Bowen_Island/Bird_mask/Limnodromus.scolopaceus_BowenIsland_100m.tif","Limnodromus.scolopaceus_BowenIsland_100m.tif",1,"Limnodromus scolopaceus","Bird","","",""
"111","inst/app/rasters/2024_12_11_SDM_100m_Bowen_Island/Bird_mask/Lophodytes.cucullatus_BowenIsland_100m.tif","Lophodytes.cucullatus_BowenIsland_100m.tif",1,"Lophodytes cucullatus","Bird","","",""
"112","inst/app/rasters/2024_12_11_SDM_100m_Bowen_Island/Bird_mask/Loxia.curvirostra_BowenIsland_100m.tif","Loxia.curvirostra_BowenIsland_100m.tif",1,"Loxia curvirostra","Bird","","",""
"113","inst/app/rasters/2024_12_11_SDM_100m_Bowen_Island/Bird_mask/Megaceryle.alcyon_BowenIsland_100m.tif","Megaceryle.alcyon_BowenIsland_100m.tif",1,"Megaceryle alcyon","Bird","","",""
"114","inst/app/rasters/2024_12_11_SDM_100m_Bowen_Island/Bird_mask/Melanitta.fusca_BowenIsland_100m.tif","Melanitta.fusca_BowenIsland_100m.tif",1,"Melanitta fusca","Bird","","",""
"115","inst/app/rasters/2024_12_11_SDM_100m_Bowen_Island/Bird_mask/Melanitta.nigra_BowenIsland_100m.tif","Melanitta.nigra_BowenIsland_100m.tif",1,"Melanitta nigra","Bird","","",""
"116","inst/app/rasters/2024_12_11_SDM_100m_Bowen_Island/Bird_mask/Melanitta.perspicillata_BowenIsland_100m.tif","Melanitta.perspicillata_BowenIsland_100m.tif",1,"Melanitta perspicillata","Bird","","",""
"117","inst/app/rasters/2024_12_11_SDM_100m_Bowen_Island/Bird_mask/Melospiza.georgiana_BowenIsland_100m.tif","Melospiza.georgiana_BowenIsland_100m.tif",1,"Melospiza georgiana","Bird","","",""
"118","inst/app/rasters/2024_12_11_SDM_100m_Bowen_Island/Bird_mask/Melospiza.lincolnii_BowenIsland_100m.tif","Melospiza.lincolnii_BowenIsland_100m.tif",1,"Melospiza lincolnii","Bird","","",""
"119","inst/app/rasters/2024_12_11_SDM_100m_Bowen_Island/Bird_mask/Melospiza.melodia_BowenIsland_100m.tif","Melospiza.melodia_BowenIsland_100m.tif",1,"Melospiza melodia","Bird","","",""
"120","inst/app/rasters/2024_12_11_SDM_100m_Bowen_Island/Bird_mask/Mergus.serrator_BowenIsland_100m.tif","Mergus.serrator_BowenIsland_100m.tif",1,"Mergus serrator","Bird","","",""
"121","inst/app/rasters/2024_12_11_SDM_100m_Bowen_Island/Bird_mask/Molothrus.ater_BowenIsland_100m.tif","Molothrus.ater_BowenIsland_100m.tif",1,"Molothrus ater","Bird","","",""
"122","inst/app/rasters/2024_12_11_SDM_100m_Bowen_Island/Bird_mask/Myadestes.townsendi_BowenIsland_100m.tif","Myadestes.townsendi_BowenIsland_100m.tif",1,"Myadestes townsendi","Bird","","",""
"123","inst/app/rasters/2024_12_11_SDM_100m_Bowen_Island/Bird_mask/Oreothlypis.celata_BowenIsland_100m.tif","Oreothlypis.celata_BowenIsland_100m.tif",1,"Oreothlypis celata","Bird","","",""
"124","inst/app/rasters/2024_12_11_SDM_100m_Bowen_Island/Bird_mask/Oreothlypis.ruficapilla_BowenIsland_100m.tif","Oreothlypis.ruficapilla_BowenIsland_100m.tif",1,"Oreothlypis ruficapilla","Bird","","",""
"125","inst/app/rasters/2024_12_11_SDM_100m_Bowen_Island/Bird_mask/Oxyura.jamaicensis_BowenIsland_100m.tif","Oxyura.jamaicensis_BowenIsland_100m.tif",1,"Oxyura jamaicensis","Bird","","",""
"126","inst/app/rasters/2024_12_11_SDM_100m_Bowen_Island/Bird_mask/Pandion.haliaetus_BowenIsland_100m.tif","Pandion.haliaetus_BowenIsland_100m.tif",1,"Pandion haliaetus","Bird","","",""
"127","inst/app/rasters/2024_12_11_SDM_100m_Bowen_Island/Bird_mask/Passerculus.sandwichensis_BowenIsland_100m.tif","Passerculus.sandwichensis_BowenIsland_100m.tif",1,"Passerculus sandwichensis","Bird","","",""
"128","inst/app/rasters/2024_12_11_SDM_100m_Bowen_Island/Bird_mask/Passerella.iliaca_BowenIsland_100m.tif","Passerella.iliaca_BowenIsland_100m.tif",1,"Passerella iliaca","Bird","","",""
"129","inst/app/rasters/2024_12_11_SDM_100m_Bowen_Island/Bird_mask/Patagioenas.fasciata_BowenIsland_100m.tif","Patagioenas.fasciata_BowenIsland_100m.tif",1,"Patagioenas fasciata","Bird","","",""
"130","inst/app/rasters/2024_12_11_SDM_100m_Bowen_Island/Bird_mask/Peromyscus.keeni_BowenIsland_100m.tif","Peromyscus.keeni_BowenIsland_100m.tif",1,"Peromyscus keeni","Bird","","",""
"131","inst/app/rasters/2024_12_11_SDM_100m_Bowen_Island/Bird_mask/Peromyscus.maniculatus_BowenIsland_100m.tif","Peromyscus.maniculatus_BowenIsland_100m.tif",1,"Peromyscus maniculatus","Bird","","",""
"132","inst/app/rasters/2024_12_11_SDM_100m_Bowen_Island/Bird_mask/Petrochelidon.pyrrhonota_BowenIsland_100m.tif","Petrochelidon.pyrrhonota_BowenIsland_100m.tif",1,"Petrochelidon pyrrhonota","Bird","","",""
"133","inst/app/rasters/2024_12_11_SDM_100m_Bowen_Island/Bird_mask/Phalacrocorax.auritus_BowenIsland_100m.tif","Phalacrocorax.auritus_BowenIsland_100m.tif",1,"Phalacrocorax auritus","Bird","","",""
"134","inst/app/rasters/2024_12_11_SDM_100m_Bowen_Island/Bird_mask/Phalacrocorax.pelagicus_BowenIsland_100m.tif","Phalacrocorax.pelagicus_BowenIsland_100m.tif",1,"Phalacrocorax pelagicus","Bird","","",""
"135","inst/app/rasters/2024_12_11_SDM_100m_Bowen_Island/Bird_mask/Phalacrocorax.penicillatus_BowenIsland_100m.tif","Phalacrocorax.penicillatus_BowenIsland_100m.tif",1,"Phalacrocorax penicillatus","Bird","","",""
"136","inst/app/rasters/2024_12_11_SDM_100m_Bowen_Island/Bird_mask/Phalaropus.lobatus_BowenIsland_100m.tif","Phalaropus.lobatus_BowenIsland_100m.tif",1,"Phalaropus lobatus","Bird","","",""
"137","inst/app/rasters/2024_12_11_SDM_100m_Bowen_Island/Bird_mask/Pheucticus.melanocephalus_BowenIsland_100m.tif","Pheucticus.melanocephalus_BowenIsland_100m.tif",1,"Pheucticus melanocephalus","Bird","","",""
"138","inst/app/rasters/2024_12_11_SDM_100m_Bowen_Island/Bird_mask/Picoides.pubescens_BowenIsland_100m.tif","Picoides.pubescens_BowenIsland_100m.tif",1,"Picoides pubescens","Bird","","",""
"139","inst/app/rasters/2024_12_11_SDM_100m_Bowen_Island/Bird_mask/Picoides.villosus_BowenIsland_100m.tif","Picoides.villosus_BowenIsland_100m.tif",1,"Picoides villosus","Bird","","",""
"140","inst/app/rasters/2024_12_11_SDM_100m_Bowen_Island/Bird_mask/Pipilo.maculatus_BowenIsland_100m.tif","Pipilo.maculatus_BowenIsland_100m.tif",1,"Pipilo maculatus","Bird","","",""
"141","inst/app/rasters/2024_12_11_SDM_100m_Bowen_Island/Bird_mask/Piranga.ludoviciana_BowenIsland_100m.tif","Piranga.ludoviciana_BowenIsland_100m.tif",1,"Piranga ludoviciana","Bird","","",""
"142","inst/app/rasters/2024_12_11_SDM_100m_Bowen_Island/Bird_mask/Podiceps.auritus_BowenIsland_100m.tif","Podiceps.auritus_BowenIsland_100m.tif",1,"Podiceps auritus","Bird","","",""
"143","inst/app/rasters/2024_12_11_SDM_100m_Bowen_Island/Bird_mask/Podiceps.grisegena_BowenIsland_100m.tif","Podiceps.grisegena_BowenIsland_100m.tif",1,"Podiceps grisegena","Bird","","",""
"144","inst/app/rasters/2024_12_11_SDM_100m_Bowen_Island/Bird_mask/Podiceps.nigricollis_BowenIsland_100m.tif","Podiceps.nigricollis_BowenIsland_100m.tif",1,"Podiceps nigricollis","Bird","","",""
"145","inst/app/rasters/2024_12_11_SDM_100m_Bowen_Island/Bird_mask/Podilymbus.podiceps_BowenIsland_100m.tif","Podilymbus.podiceps_BowenIsland_100m.tif",1,"Podilymbus podiceps","Bird","","",""
"146","inst/app/rasters/2024_12_11_SDM_100m_Bowen_Island/Bird_mask/Poecile.rufescens_BowenIsland_100m.tif","Poecile.rufescens_BowenIsland_100m.tif",1,"Poecile rufescens","Bird","","",""
"147","inst/app/rasters/2024_12_11_SDM_100m_Bowen_Island/Bird_mask/Porzana.carolina_BowenIsland_100m.tif","Porzana.carolina_BowenIsland_100m.tif",1,"Porzana carolina","Bird","","",""
"148","inst/app/rasters/2024_12_11_SDM_100m_Bowen_Island/Bird_mask/Progne.subis_BowenIsland_100m.tif","Progne.subis_BowenIsland_100m.tif",1,"Progne subis","Bird","","",""
"149","inst/app/rasters/2024_12_11_SDM_100m_Bowen_Island/Bird_mask/Psaltriparus.minimus_BowenIsland_100m.tif","Psaltriparus.minimus_BowenIsland_100m.tif",1,"Psaltriparus minimus","Bird","","",""
"150","inst/app/rasters/2024_12_11_SDM_100m_Bowen_Island/Bird_mask/Rallus.limicola_BowenIsland_100m.tif","Rallus.limicola_BowenIsland_100m.tif",1,"Rallus limicola","Bird","","",""
"151","inst/app/rasters/2024_12_11_SDM_100m_Bowen_Island/Bird_mask/Regulus.calendula_BowenIsland_100m.tif","Regulus.calendula_BowenIsland_100m.tif",1,"Regulus calendula","Bird","","",""
"152","inst/app/rasters/2024_12_11_SDM_100m_Bowen_Island/Bird_mask/Regulus.satrapa_BowenIsland_100m.tif","Regulus.satrapa_BowenIsland_100m.tif",1,"Regulus satrapa","Bird","","",""
"153","inst/app/rasters/2024_12_11_SDM_100m_Bowen_Island/Bird_mask/Riparia.riparia_BowenIsland_100m.tif","Riparia.riparia_BowenIsland_100m.tif",1,"Riparia riparia","Bird","","",""
"154","inst/app/rasters/2024_12_11_SDM_100m_Bowen_Island/Bird_mask/Sayornis.saya_BowenIsland_100m.tif","Sayornis.saya_BowenIsland_100m.tif",1,"Sayornis saya","Bird","","",""
"155","inst/app/rasters/2024_12_11_SDM_100m_Bowen_Island/Bird_mask/Selasphorus.rufus_BowenIsland_100m.tif","Selasphorus.rufus_BowenIsland_100m.tif",1,"Selasphorus rufus","Bird","","",""
"156","inst/app/rasters/2024_12_11_SDM_100m_Bowen_Island/Bird_mask/Setophaga.coronata_BowenIsland_100m.tif","Setophaga.coronata_BowenIsland_100m.tif",1,"Setophaga coronata","Bird","","",""
"157","inst/app/rasters/2024_12_11_SDM_100m_Bowen_Island/Bird_mask/Setophaga.nigrescens_BowenIsland_100m.tif","Setophaga.nigrescens_BowenIsland_100m.tif",1,"Setophaga nigrescens","Bird","","",""
"158","inst/app/rasters/2024_12_11_SDM_100m_Bowen_Island/Bird_mask/Sialia.currucoides_BowenIsland_100m.tif","Sialia.currucoides_BowenIsland_100m.tif",1,"Sialia currucoides","Bird","","",""
"159","inst/app/rasters/2024_12_11_SDM_100m_Bowen_Island/Bird_mask/Sitta.canadensis_BowenIsland_100m.tif","Sitta.canadensis_BowenIsland_100m.tif",1,"Sitta canadensis","Bird","","",""
"160","inst/app/rasters/2024_12_11_SDM_100m_Bowen_Island/Bird_mask/Sphyrapicus.ruber_BowenIsland_100m.tif","Sphyrapicus.ruber_BowenIsland_100m.tif",1,"Sphyrapicus ruber","Bird","","",""
"161","inst/app/rasters/2024_12_11_SDM_100m_Bowen_Island/Bird_mask/Spinus.pinus_BowenIsland_100m.tif","Spinus.pinus_BowenIsland_100m.tif",1,"Spinus pinus","Bird","","",""
"162","inst/app/rasters/2024_12_11_SDM_100m_Bowen_Island/Bird_mask/Spinus.tristis_BowenIsland_100m.tif","Spinus.tristis_BowenIsland_100m.tif",1,"Spinus tristis","Bird","","",""
"163","inst/app/rasters/2024_12_11_SDM_100m_Bowen_Island/Bird_mask/Spizella.passerina_BowenIsland_100m.tif","Spizella.passerina_BowenIsland_100m.tif",1,"Spizella passerina","Bird","","",""
"164","inst/app/rasters/2024_12_11_SDM_100m_Bowen_Island/Bird_mask/Stelgidopteryx.serripennis_BowenIsland_100m.tif","Stelgidopteryx.serripennis_BowenIsland_100m.tif",1,"Stelgidopteryx serripennis","Bird","","",""
"165","inst/app/rasters/2024_12_11_SDM_100m_Bowen_Island/Bird_mask/Stercorarius.parasiticus_BowenIsland_100m.tif","Stercorarius.parasiticus_BowenIsland_100m.tif",1,"Stercorarius parasiticus","Bird","","",""
"166","inst/app/rasters/2024_12_11_SDM_100m_Bowen_Island/Bird_mask/Strix.varia_BowenIsland_100m.tif","Strix.varia_BowenIsland_100m.tif",1,"Strix varia","Bird","","",""
"167","inst/app/rasters/2024_12_11_SDM_100m_Bowen_Island/Bird_mask/Synthliboramphus.antiquus_BowenIsland_100m.tif","Synthliboramphus.antiquus_BowenIsland_100m.tif",1,"Synthliboramphus antiquus","Bird","","",""
"168","inst/app/rasters/2024_12_11_SDM_100m_Bowen_Island/Bird_mask/Tachycineta.bicolor_BowenIsland_100m.tif","Tachycineta.bicolor_BowenIsland_100m.tif",1,"Tachycineta bicolor","Bird","","",""
"169","inst/app/rasters/2024_12_11_SDM_100m_Bowen_Island/Bird_mask/Thryomanes.bewickii_BowenIsland_100m.tif","Thryomanes.bewickii_BowenIsland_100m.tif",1,"Thryomanes bewickii","Bird","","",""
"170","inst/app/rasters/2024_12_11_SDM_100m_Bowen_Island/Bird_mask/Tringa.incana_BowenIsland_100m.tif","Tringa.incana_BowenIsland_100m.tif",1,"Tringa incana","Bird","","",""
"171","inst/app/rasters/2024_12_11_SDM_100m_Bowen_Island/Bird_mask/Tringa.melanoleuca_BowenIsland_100m.tif","Tringa.melanoleuca_BowenIsland_100m.tif",1,"Tringa melanoleuca","Bird","","",""
"172","inst/app/rasters/2024_12_11_SDM_100m_Bowen_Island/Bird_mask/Tringa.solitaria_BowenIsland_100m.tif","Tringa.solitaria_BowenIsland_100m.tif",1,"Tringa solitaria","Bird","","",""
"173","inst/app/rasters/2024_12_11_SDM_100m_Bowen_Island/Bird_mask/Troglodytes.aedon_BowenIsland_100m.tif","Troglodytes.aedon_BowenIsland_100m.tif",1,"Troglodytes aedon","Bird","","",""
"174","inst/app/rasters/2024_12_11_SDM_100m_Bowen_Island/Bird_mask/Troglodytes.pacificus_BowenIsland_100m.tif","Troglodytes.pacificus_BowenIsland_100m.tif",1,"Troglodytes pacificus","Bird","","",""
"175","inst/app/rasters/2024_12_11_SDM_100m_Bowen_Island/Bird_mask/Turdus.migratorius_BowenIsland_100m.tif","Turdus.migratorius_BowenIsland_100m.tif",1,"Turdus migratorius","Bird","","",""
"176","inst/app/rasters/2024_12_11_SDM_100m_Bowen_Island/Bird_mask/Vireo.cassinii_BowenIsland_100m.tif","Vireo.cassinii_BowenIsland_100m.tif",1,"Vireo cassinii","Bird","","",""
"177","inst/app/rasters/2024_12_11_SDM_100m_Bowen_Island/Bird_mask/Vireo.gilvus_BowenIsland_100m.tif","Vireo.gilvus_BowenIsland_100m.tif",1,"Vireo gilvus","Bird","","",""
"178","inst/app/rasters/2024_12_11_SDM_100m_Bowen_Island/Bird_mask/Vireo.huttoni_BowenIsland_100m.tif","Vireo.huttoni_BowenIsland_100m.tif",1,"Vireo huttoni","Bird","","",""
"179","inst/app/rasters/2024_12_11_SDM_100m_Bowen_Island/Bird_mask/Vireo.olivaceus_BowenIsland_100m.tif","Vireo.olivaceus_BowenIsland_100m.tif",1,"Vireo olivaceus","Bird","","",""
"180","inst/app/rasters/2024_12_11_SDM_100m_Bowen_Island/Bird_mask/Zenaida.macroura_BowenIsland_100m.tif","Zenaida.macroura_BowenIsland_100m.tif",1,"Zenaida macroura","Bird","","",""
"181","inst/app/rasters/2024_12_11_SDM_100m_Bowen_Island/Bird_mask/Zonotrichia.albicollis_BowenIsland_100m.tif","Zonotrichia.albicollis_BowenIsland_100m.tif",1,"Zonotrichia albicollis","Bird","","",""
"182","inst/app/rasters/2024_12_11_SDM_100m_Bowen_Island/Bird_mask/Zonotrichia.atricapilla_BowenIsland_100m.tif","Zonotrichia.atricapilla_BowenIsland_100m.tif",1,"Zonotrichia atricapilla","Bird","","",""
"183","inst/app/rasters/2024_12_11_SDM_100m_Bowen_Island/Bird_mask/Zonotrichia.leucophrys_BowenIsland_100m.tif","Zonotrichia.leucophrys_BowenIsland_100m.tif",1,"Zonotrichia leucophrys","Bird","","",""
"184","inst/app/rasters/2024_12_11_SDM_100m_Bowen_Island/Fish_mask/Oncorhynchus.kisutch_BowenIsland_100m.tif","Oncorhynchus.kisutch_BowenIsland_100m.tif",1,"Oncorhynchus kisutch","Fish","","",""
"185","inst/app/rasters/2024_12_11_SDM_100m_Bowen_Island/MammalSmall_mask/Glaucomys.sabrinus_BowenIsland_100m.tif","Glaucomys.sabrinus_BowenIsland_100m.tif",1,"Glaucomys sabrinus","MammalSmall","","",""
"186","inst/app/rasters/2024_12_11_SDM_100m_Bowen_Island/MammalSmall_mask/Microtus.townsendii_BowenIsland_100m.tif","Microtus.townsendii_BowenIsland_100m.tif",1,"Microtus townsendii","MammalSmall","","",""
"187","inst/app/rasters/2024_12_11_SDM_100m_Bowen_Island/MammalSmall_mask/Mustela.erminea_BowenIsland_100m.tif","Mustela.erminea_BowenIsland_100m.tif",1,"Mustela erminea","MammalSmall","","",""
"188","inst/app/rasters/2024_12_11_SDM_100m_Bowen_Island/MammalSmall_mask/Myotis.lucifugus_BowenIsland_100m.tif","Myotis.lucifugus_BowenIsland_100m.tif",1,"Myotis lucifugus","MammalSmall","","",""
"189","inst/app/rasters/2024_12_11_SDM_100m_Bowen_Island/MammalSmall_mask/Neovison.vison_BowenIsland_100m.tif","Neovison.vison_BowenIsland_100m.tif",1,"Neovison vison","MammalSmall","","",""
"190","inst/app/rasters/2024_12_11_SDM_100m_Bowen_Island/MammalSmall_mask/Sorex.cinereus_BowenIsland_100m.tif","Sorex.cinereus_BowenIsland_100m.tif",1,"Sorex cinereus","MammalSmall","","",""
"191","inst/app/rasters/2024_12_11_SDM_100m_Bowen_Island/MammalSmall_mask/Sorex.monticolus_BowenIsland_100m.tif","Sorex.monticolus_BowenIsland_100m.tif",1,"Sorex monticolus","MammalSmall","","",""
"192","inst/app/rasters/2024_12_11_SDM_100m_Bowen_Island/Reptile_mask/Thamnophis.elegans_BowenIsland_100m.tif","Thamnophis.elegans_BowenIsland_100m.tif",1,"Thamnophis elegans","Reptile","","",""
"193","inst/app/rasters/2024_12_11_SDM_100m_Bowen_Island/Reptile_mask/Thamnophis.ordinoides_BowenIsland_100m.tif","Thamnophis.ordinoides_BowenIsland_100m.tif",1,"Thamnophis ordinoides","Reptile","","",""
"194","inst/app/rasters/2024_12_11_SDM_100m_Bowen_Island/Reptile_mask/Thamnophis.sirtalis_BowenIsland_100m.tif","Thamnophis.sirtalis_BowenIsland_100m.tif",1,"Thamnophis sirtalis","Reptile","","",""
